Ańo;Periodo;Territorio;Indicador;Valor;Unidad;Estado dato
2025;T4;Arganzuela;Serie;139.287;Índice;
2025;T4;Arganzuela;Tasa de variación sobre el periodo anterior;2.4;Porcentaje;
2025;T4;Arganzuela;Tasa de variación sobre igual período del ańo anterior;18.8;Porcentaje;
2025;T4;Barajas;Serie;130.718;Índice;
2025;T4;Barajas;Tasa de variación sobre el periodo anterior;3.9;Porcentaje;
2025;T4;Barajas;Tasa de variación sobre igual período del ańo anterior;13.8;Porcentaje;
2025;T4;Carabanchel;Serie;147.145;Índice;
2025;T4;Carabanchel;Tasa de variación sobre el periodo anterior;1.7;Porcentaje;
2025;T4;Carabanchel;Tasa de variación sobre igual período del ańo anterior;20.6;Porcentaje;
2025;T4;Centro;Serie;129.447;Índice;
2025;T4;Centro;Tasa de variación sobre el periodo anterior;-0.2;Porcentaje;
2025;T4;Centro;Tasa de variación sobre igual período del ańo anterior;12.5;Porcentaje;
2025;T4;Chamartín;Serie;138.729;Índice;
2025;T4;Chamartín;Tasa de variación sobre el periodo anterior;-3.7;Porcentaje;
2025;T4;Chamartín;Tasa de variación sobre igual período del ańo anterior;13.8;Porcentaje;
2025;T4;Chamberí;Serie;139.541;Índice;
2025;T4;Chamberí;Tasa de variación sobre igual período del ańo anterior;15.2;Porcentaje;
2025;T4;Ciudad Lineal;Serie;143.296;Índice;
2025;T4;Ciudad Lineal;Tasa de variación sobre el periodo anterior;3.6;Porcentaje;
2025;T4;Ciudad Lineal;Tasa de variación sobre igual período del ańo anterior;19.4;Porcentaje;
2025;T4;Fuencarral-El Pardo;Serie;137.769;Índice;
2025;T4;Fuencarral-El Pardo;Tasa de variación sobre el periodo anterior;3.1;Porcentaje;
2025;T4;Fuencarral-El Pardo;Tasa de variación sobre igual período del ańo anterior;19.8;Porcentaje;
2025;T4;Hortaleza;Serie;135.903;Índice;
2025;T4;Hortaleza;Tasa de variación sobre el periodo anterior;1.6;Porcentaje;
2025;T4;Hortaleza;Tasa de variación sobre igual período del ańo anterior;17.5;Porcentaje;
2025;T4;Latina;Serie;147.202;Índice;
2025;T4;Latina;Tasa de variación sobre el periodo anterior;3.1;Porcentaje;
2025;T4;Latina;Tasa de variación sobre igual período del ańo anterior;18.1;Porcentaje;
2025;T4;Moncloa-Aravaca;Serie;137.64;Índice;
2025;T4;Moncloa-Aravaca;Tasa de variación sobre el periodo anterior;2.8;Porcentaje;
2025;T4;Moncloa-Aravaca;Tasa de variación sobre igual período del ańo anterior;16.8;Porcentaje;
2025;T4;Moratalaz;Serie;139.792;Índice;
2025;T4;Moratalaz;Tasa de variación sobre el periodo anterior;-3.4;Porcentaje;
2025;T4;Moratalaz;Tasa de variación sobre igual período del ańo anterior;18.4;Porcentaje;
2025;T4;Puente de Vallecas;Serie;144.984;Índice;
2025;T4;Puente de Vallecas;Tasa de variación sobre el periodo anterior;3.8;Porcentaje;
2025;T4;Puente de Vallecas;Tasa de variación sobre igual período del ańo anterior;22.2;Porcentaje;
2025;T4;Retiro;Serie;141.392;Índice;
2025;T4;Retiro;Tasa de variación sobre el periodo anterior;2.0;Porcentaje;
2025;T4;Retiro;Tasa de variación sobre igual período del ańo anterior;17.5;Porcentaje;
2025;T4;Salamanca;Serie;144.321;Índice;
2025;T4;Salamanca;Tasa de variación sobre el periodo anterior;1.5;Porcentaje;
2025;T4;Salamanca;Tasa de variación sobre igual período del ańo anterior;15.0;Porcentaje;
2025;T4;San Blas-Canillejas;Serie;142.205;Índice;
2025;T4;San Blas-Canillejas;Tasa de variación sobre el periodo anterior;3.1;Porcentaje;
2025;T4;San Blas-Canillejas;Tasa de variación sobre igual período del ańo anterior;21.1;Porcentaje;
2025;T4;Tetuán;Serie;140.453;Índice;
2025;T4;Tetuán;Tasa de variación sobre el periodo anterior;3.2;Porcentaje;
2025;T4;Tetuán;Tasa de variación sobre igual período del ańo anterior;15.1;Porcentaje;
2025;T4;Usera;Serie;145.436;Índice;
2025;T4;Usera;Tasa de variación sobre el periodo anterior;0.7;Porcentaje;
2025;T4;Usera;Tasa de variación sobre igual período del ańo anterior;18.7;Porcentaje;
2025;T4;Vicálvaro;Serie;140.561;Índice;
2025;T4;Vicálvaro;Tasa de variación sobre el periodo anterior;2.6;Porcentaje;
2025;T4;Vicálvaro;Tasa de variación sobre igual período del ańo anterior;22.8;Porcentaje;
2025;T4;Villa de Vallecas;Serie;137.683;Índice;
2025;T4;Villa de Vallecas;Tasa de variación sobre el periodo anterior;1.6;Porcentaje;
2025;T4;Villa de Vallecas;Tasa de variación sobre igual período del ańo anterior;17.8;Porcentaje;
2025;T4;Villaverde;Serie;151.095;Índice;
2025;T4;Villaverde;Tasa de variación sobre el periodo anterior;5.0;Porcentaje;
2025;T4;Villaverde;Tasa de variación sobre igual período del ańo anterior;24.1;Porcentaje;
2025;T3;Arganzuela;Serie;136.031;Índice;
2025;T3;Arganzuela;Tasa de variación sobre el periodo anterior;1.8;Porcentaje;
2025;T3;Arganzuela;Tasa de variación sobre igual período del ańo anterior;17.4;Porcentaje;
2025;T3;Barajas;Serie;125.832;Índice;
2025;T3;Barajas;Tasa de variación sobre el periodo anterior;3.0;Porcentaje;
2025;T3;Barajas;Tasa de variación sobre igual período del ańo anterior;18.8;Porcentaje;
2025;T3;Carabanchel;Serie;144.739;Índice;
2025;T3;Carabanchel;Tasa de variación sobre el periodo anterior;6.5;Porcentaje;
2025;T3;Carabanchel;Tasa de variación sobre igual período del ańo anterior;22.3;Porcentaje;
2025;T3;Centro;Serie;129.767;Índice;
2025;T3;Centro;Tasa de variación sobre el periodo anterior;4.2;Porcentaje;
2025;T3;Centro;Tasa de variación sobre igual período del ańo anterior;17.2;Porcentaje;
2025;T3;Chamartín;Serie;144.114;Índice;
2025;T3;Chamartín;Tasa de variación sobre el periodo anterior;9.0;Porcentaje;
2025;T3;Chamartín;Tasa de variación sobre igual período del ańo anterior;16.1;Porcentaje;
2025;T3;Chamberí;Serie;137.809;Índice;
2025;T3;Chamberí;Tasa de variación sobre igual período del ańo anterior;15.1;Porcentaje;
2025;T3;Ciudad Lineal;Serie;138.365;Índice;
2025;T3;Ciudad Lineal;Tasa de variación sobre el periodo anterior;0.9;Porcentaje;
2025;T3;Ciudad Lineal;Tasa de variación sobre igual período del ańo anterior;18.4;Porcentaje;
2025;T3;Fuencarral-El Pardo;Serie;133.583;Índice;
2025;T3;Fuencarral-El Pardo;Tasa de variación sobre el periodo anterior;3.1;Porcentaje;
2025;T3;Fuencarral-El Pardo;Tasa de variación sobre igual período del ańo anterior;20.2;Porcentaje;
2025;T3;Hortaleza;Serie;133.729;Índice;
2025;T3;Hortaleza;Tasa de variación sobre el periodo anterior;2.5;Porcentaje;
2025;T3;Hortaleza;Tasa de variación sobre igual período del ańo anterior;20.4;Porcentaje;
2025;T3;Latina;Serie;142.834;Índice;
2025;T3;Latina;Tasa de variación sobre el periodo anterior;2.4;Porcentaje;
2025;T3;Latina;Tasa de variación sobre igual período del ańo anterior;21.7;Porcentaje;
2025;T3;Moncloa-Aravaca;Serie;133.874;Índice;
2025;T3;Moncloa-Aravaca;Tasa de variación sobre el periodo anterior;3.8;Porcentaje;
2025;T3;Moncloa-Aravaca;Tasa de variación sobre igual período del ańo anterior;18.4;Porcentaje;
2025;T3;Moratalaz;Serie;144.641;Índice;
2025;T3;Moratalaz;Tasa de variación sobre el periodo anterior;6.1;Porcentaje;
2025;T3;Moratalaz;Tasa de variación sobre igual período del ańo anterior;24.2;Porcentaje;
2025;T3;Puente de Vallecas;Serie;139.644;Índice;
2025;T3;Puente de Vallecas;Tasa de variación sobre el periodo anterior;4.8;Porcentaje;
2025;T3;Puente de Vallecas;Tasa de variación sobre igual período del ańo anterior;19.0;Porcentaje;
2025;T3;Retiro;Serie;138.681;Índice;
2025;T3;Retiro;Tasa de variación sobre el periodo anterior;1.7;Porcentaje;
2025;T3;Retiro;Tasa de variación sobre igual período del ańo anterior;15.7;Porcentaje;
2025;T3;Salamanca;Serie;142.21;Índice;
2025;T3;Salamanca;Tasa de variación sobre el periodo anterior;5.5;Porcentaje;
2025;T3;Salamanca;Tasa de variación sobre igual período del ańo anterior;17.1;Porcentaje;
2025;T3;San Blas-Canillejas;Serie;137.971;Índice;
2025;T3;San Blas-Canillejas;Tasa de variación sobre el periodo anterior;3.5;Porcentaje;
2025;T3;San Blas-Canillejas;Tasa de variación sobre igual período del ańo anterior;23.9;Porcentaje;
2025;T3;Tetuán;Serie;136.042;Índice;
2025;T3;Tetuán;Tasa de variación sobre el periodo anterior;3.4;Porcentaje;
2025;T3;Tetuán;Tasa de variación sobre igual período del ańo anterior;19.3;Porcentaje;
2025;T3;Usera;Serie;144.496;Índice;
2025;T3;Usera;Tasa de variación sobre el periodo anterior;3.7;Porcentaje;
2025;T3;Usera;Tasa de variación sobre igual período del ańo anterior;23.4;Porcentaje;
2025;T3;Vicálvaro;Serie;136.94;Índice;
2025;T3;Vicálvaro;Tasa de variación sobre el periodo anterior;6.2;Porcentaje;
2025;T3;Vicálvaro;Tasa de variación sobre igual período del ańo anterior;23.8;Porcentaje;
2025;T3;Villa de Vallecas;Serie;135.565;Índice;
2025;T3;Villa de Vallecas;Tasa de variación sobre el periodo anterior;4.7;Porcentaje;
2025;T3;Villa de Vallecas;Tasa de variación sobre igual período del ańo anterior;18.7;Porcentaje;
2025;T3;Villaverde;Serie;143.834;Índice;
2025;T3;Villaverde;Tasa de variación sobre el periodo anterior;7.1;Porcentaje;
2025;T3;Villaverde;Tasa de variación sobre igual período del ańo anterior;22.1;Porcentaje;
2025;T2;Arganzuela;Serie;133.679;Índice;
2025;T2;Arganzuela;Tasa de variación sobre el periodo anterior;8.7;Porcentaje;
2025;T2;Arganzuela;Tasa de variación sobre igual período del ańo anterior;20.8;Porcentaje;
2025;T2;Barajas;Serie;122.223;Índice;
2025;T2;Barajas;Tasa de variación sobre el periodo anterior;3.7;Porcentaje;
2025;T2;Barajas;Tasa de variación sobre igual período del ańo anterior;15.1;Porcentaje;
2025;T2;Carabanchel;Serie;135.864;Índice;
2025;T2;Carabanchel;Tasa de variación sobre el periodo anterior;6.5;Porcentaje;
2025;T2;Carabanchel;Tasa de variación sobre igual período del ańo anterior;19.1;Porcentaje;
2025;T2;Centro;Serie;124.554;Índice;
2025;T2;Centro;Tasa de variación sobre el periodo anterior;4.3;Porcentaje;
2025;T2;Centro;Tasa de variación sobre igual período del ańo anterior;14.5;Porcentaje;
2025;T2;Chamartín;Serie;132.257;Índice;
2025;T2;Chamartín;Tasa de variación sobre el periodo anterior;2.5;Porcentaje;
2025;T2;Chamartín;Tasa de variación sobre igual período del ańo anterior;14.7;Porcentaje;
2025;T2;Chamberí;Serie;136.209;Índice;
2025;T2;Chamberí;Tasa de variación sobre igual período del ańo anterior;18.0;Porcentaje;
2025;T2;Ciudad Lineal;Serie;137.098;Índice;
2025;T2;Ciudad Lineal;Tasa de variación sobre el periodo anterior;9.4;Porcentaje;
2025;T2;Ciudad Lineal;Tasa de variación sobre igual período del ańo anterior;23.3;Porcentaje;
2025;T2;Fuencarral-El Pardo;Serie;129.528;Índice;
2025;T2;Fuencarral-El Pardo;Tasa de variación sobre el periodo anterior;7.2;Porcentaje;
2025;T2;Fuencarral-El Pardo;Tasa de variación sobre igual período del ańo anterior;20.4;Porcentaje;
2025;T2;Hortaleza;Serie;130.406;Índice;
2025;T2;Hortaleza;Tasa de variación sobre el periodo anterior;7.5;Porcentaje;
2025;T2;Hortaleza;Tasa de variación sobre igual período del ańo anterior;18.6;Porcentaje;
2025;T2;Latina;Serie;139.471;Índice;
2025;T2;Latina;Tasa de variación sobre el periodo anterior;7.6;Porcentaje;
2025;T2;Latina;Tasa de variación sobre igual período del ańo anterior;23.8;Porcentaje;
2025;T2;Moncloa-Aravaca;Serie;129.012;Índice;
2025;T2;Moncloa-Aravaca;Tasa de variación sobre el periodo anterior;5.0;Porcentaje;
2025;T2;Moncloa-Aravaca;Tasa de variación sobre igual período del ańo anterior;14.3;Porcentaje;
2025;T2;Moratalaz;Serie;136.309;Índice;
2025;T2;Moratalaz;Tasa de variación sobre el periodo anterior;2.7;Porcentaje;
2025;T2;Moratalaz;Tasa de variación sobre igual período del ańo anterior;21.8;Porcentaje;
2025;T2;Puente de Vallecas;Serie;133.199;Índice;
2025;T2;Puente de Vallecas;Tasa de variación sobre el periodo anterior;4.8;Porcentaje;
2025;T2;Puente de Vallecas;Tasa de variación sobre igual período del ańo anterior;15.3;Porcentaje;
2025;T2;Retiro;Serie;136.351;Índice;
2025;T2;Retiro;Tasa de variación sobre el periodo anterior;7.8;Porcentaje;
2025;T2;Retiro;Tasa de variación sobre igual período del ańo anterior;21.4;Porcentaje;
2025;T2;Salamanca;Serie;134.737;Índice;
2025;T2;Salamanca;Tasa de variación sobre el periodo anterior;1.5;Porcentaje;
2025;T2;Salamanca;Tasa de variación sobre igual período del ańo anterior;15.5;Porcentaje;
2025;T2;San Blas-Canillejas;Serie;133.312;Índice;
2025;T2;San Blas-Canillejas;Tasa de variación sobre el periodo anterior;6.3;Porcentaje;
2025;T2;San Blas-Canillejas;Tasa de variación sobre igual período del ańo anterior;19.6;Porcentaje;
2025;T2;Tetuán;Serie;131.574;Índice;
2025;T2;Tetuán;Tasa de variación sobre el periodo anterior;5.0;Porcentaje;
2025;T2;Tetuán;Tasa de variación sobre igual período del ańo anterior;18.5;Porcentaje;
2025;T2;Usera;Serie;139.356;Índice;
2025;T2;Usera;Tasa de variación sobre el periodo anterior;8.3;Porcentaje;
2025;T2;Usera;Tasa de variación sobre igual período del ańo anterior;19.6;Porcentaje;
2025;T2;Vicálvaro;Serie;128.969;Índice;
2025;T2;Vicálvaro;Tasa de variación sobre el periodo anterior;3.8;Porcentaje;
2025;T2;Vicálvaro;Tasa de variación sobre igual período del ańo anterior;19.0;Porcentaje;
2025;T2;Villa de Vallecas;Serie;129.489;Índice;
2025;T2;Villa de Vallecas;Tasa de variación sobre el periodo anterior;4.8;Porcentaje;
2025;T2;Villa de Vallecas;Tasa de variación sobre igual período del ańo anterior;18.6;Porcentaje;
2025;T2;Villaverde;Serie;134.262;Índice;
2025;T2;Villaverde;Tasa de variación sobre el periodo anterior;4.8;Porcentaje;
2025;T2;Villaverde;Tasa de variación sobre igual período del ańo anterior;16.4;Porcentaje;
2025;T1;Arganzuela;Serie;122.979;Índice;
2025;T1;Arganzuela;Tasa de variación sobre el periodo anterior;4.9;Porcentaje;
2025;T1;Arganzuela;Tasa de variación sobre igual período del ańo anterior;12.3;Porcentaje;
2025;T1;Barajas;Serie;117.871;Índice;
2025;T1;Barajas;Tasa de variación sobre el periodo anterior;2.6;Porcentaje;
2025;T1;Barajas;Tasa de variación sobre igual período del ańo anterior;13.0;Porcentaje;
2025;T1;Carabanchel;Serie;127.583;Índice;
2025;T1;Carabanchel;Tasa de variación sobre el periodo anterior;4.5;Porcentaje;
2025;T1;Carabanchel;Tasa de variación sobre igual período del ańo anterior;17.8;Porcentaje;
2025;T1;Centro;Serie;119.435;Índice;
2025;T1;Centro;Tasa de variación sobre el periodo anterior;3.8;Porcentaje;
2025;T1;Centro;Tasa de variación sobre igual período del ańo anterior;10.3;Porcentaje;
2025;T1;Chamartín;Serie;129.092;Índice;
2025;T1;Chamartín;Tasa de variación sobre el periodo anterior;5.9;Porcentaje;
2025;T1;Chamartín;Tasa de variación sobre igual período del ańo anterior;16.3;Porcentaje;
2025;T1;Chamberí;Serie;131.002;Índice;
2025;T1;Chamberí;Tasa de variación sobre igual período del ańo anterior;17.5;Porcentaje;
2025;T1;Ciudad Lineal;Serie;125.35;Índice;
2025;T1;Ciudad Lineal;Tasa de variación sobre el periodo anterior;4.4;Porcentaje;
2025;T1;Ciudad Lineal;Tasa de variación sobre igual período del ańo anterior;14.4;Porcentaje;
2025;T1;Fuencarral-El Pardo;Serie;120.804;Índice;
2025;T1;Fuencarral-El Pardo;Tasa de variación sobre el periodo anterior;5.1;Porcentaje;
2025;T1;Fuencarral-El Pardo;Tasa de variación sobre igual período del ańo anterior;13.8;Porcentaje;
2025;T1;Hortaleza;Serie;121.333;Índice;
2025;T1;Hortaleza;Tasa de variación sobre el periodo anterior;4.9;Porcentaje;
2025;T1;Hortaleza;Tasa de variación sobre igual período del ańo anterior;15.0;Porcentaje;
2025;T1;Latina;Serie;129.56;Índice;
2025;T1;Latina;Tasa de variación sobre el periodo anterior;3.9;Porcentaje;
2025;T1;Latina;Tasa de variación sobre igual período del ańo anterior;20.5;Porcentaje;
2025;T1;Moncloa-Aravaca;Serie;122.818;Índice;
2025;T1;Moncloa-Aravaca;Tasa de variación sobre el periodo anterior;4.2;Porcentaje;
2025;T1;Moncloa-Aravaca;Tasa de variación sobre igual período del ańo anterior;14.7;Porcentaje;
2025;T1;Moratalaz;Serie;132.738;Índice;
2025;T1;Moratalaz;Tasa de variación sobre el periodo anterior;12.5;Porcentaje;
2025;T1;Moratalaz;Tasa de variación sobre igual período del ańo anterior;23.2;Porcentaje;
2025;T1;Puente de Vallecas;Serie;127.074;Índice;
2025;T1;Puente de Vallecas;Tasa de variación sobre el periodo anterior;7.1;Porcentaje;
2025;T1;Puente de Vallecas;Tasa de variación sobre igual período del ańo anterior;16.7;Porcentaje;
2025;T1;Retiro;Serie;126.483;Índice;
2025;T1;Retiro;Tasa de variación sobre el periodo anterior;5.1;Porcentaje;
2025;T1;Retiro;Tasa de variación sobre igual período del ańo anterior;18.3;Porcentaje;
2025;T1;Salamanca;Serie;132.713;Índice;
2025;T1;Salamanca;Tasa de variación sobre el periodo anterior;5.7;Porcentaje;
2025;T1;Salamanca;Tasa de variación sobre igual período del ańo anterior;20.1;Porcentaje;
2025;T1;San Blas-Canillejas;Serie;125.427;Índice;
2025;T1;San Blas-Canillejas;Tasa de variación sobre el periodo anterior;6.8;Porcentaje;
2025;T1;San Blas-Canillejas;Tasa de variación sobre igual período del ańo anterior;15.7;Porcentaje;
2025;T1;Tetuán;Serie;125.276;Índice;
2025;T1;Tetuán;Tasa de variación sobre el periodo anterior;2.7;Porcentaje;
2025;T1;Tetuán;Tasa de variación sobre igual período del ańo anterior;18.4;Porcentaje;
2025;T1;Usera;Serie;128.628;Índice;
2025;T1;Usera;Tasa de variación sobre el periodo anterior;5.0;Porcentaje;
2025;T1;Usera;Tasa de variación sobre igual período del ańo anterior;21.5;Porcentaje;
2025;T1;Vicálvaro;Serie;124.267;Índice;
2025;T1;Vicálvaro;Tasa de variación sobre el periodo anterior;8.6;Porcentaje;
2025;T1;Vicálvaro;Tasa de variación sobre igual período del ańo anterior;18.9;Porcentaje;
2025;T1;Villa de Vallecas;Serie;123.612;Índice;
2025;T1;Villa de Vallecas;Tasa de variación sobre el periodo anterior;5.8;Porcentaje;
2025;T1;Villa de Vallecas;Tasa de variación sobre igual período del ańo anterior;18.3;Porcentaje;
2025;T1;Villaverde;Serie;128.076;Índice;
2025;T1;Villaverde;Tasa de variación sobre el periodo anterior;5.2;Porcentaje;
2025;T1;Villaverde;Tasa de variación sobre igual período del ańo anterior;17.6;Porcentaje;
2024;T4;Arganzuela;Serie;117.246;Índice;
2024;T4;Arganzuela;Tasa de variación sobre el periodo anterior;1.2;Porcentaje;
2024;T4;Arganzuela;Tasa de variación sobre igual período del ańo anterior;10.7;Porcentaje;
2024;T4;Barajas;Serie;114.837;Índice;
2024;T4;Barajas;Tasa de variación sobre el periodo anterior;8.4;Porcentaje;
2024;T4;Barajas;Tasa de variación sobre igual período del ańo anterior;10.0;Porcentaje;
2024;T4;Carabanchel;Serie;122.054;Índice;
2024;T4;Carabanchel;Tasa de variación sobre el periodo anterior;3.2;Porcentaje;
2024;T4;Carabanchel;Tasa de variación sobre igual período del ańo anterior;12.7;Porcentaje;
2024;T4;Centro;Serie;115.099;Índice;
2024;T4;Centro;Tasa de variación sobre el periodo anterior;3.9;Porcentaje;
2024;T4;Centro;Tasa de variación sobre igual período del ańo anterior;10.6;Porcentaje;
2024;T4;Chamartín;Serie;121.956;Índice;
2024;T4;Chamartín;Tasa de variación sobre el periodo anterior;-1.7;Porcentaje;
2024;T4;Chamartín;Tasa de variación sobre igual período del ańo anterior;16.4;Porcentaje;
2024;T4;Chamberí;Serie;121.095;Índice;
2024;T4;Chamberí;Tasa de variación sobre igual período del ańo anterior;12.0;Porcentaje;
2024;T4;Ciudad Lineal;Serie;120.045;Índice;
2024;T4;Ciudad Lineal;Tasa de variación sobre el periodo anterior;2.7;Porcentaje;
2024;T4;Ciudad Lineal;Tasa de variación sobre igual período del ańo anterior;14.2;Porcentaje;
2024;T4;Fuencarral-El Pardo;Serie;114.976;Índice;
2024;T4;Fuencarral-El Pardo;Tasa de variación sobre el periodo anterior;3.5;Porcentaje;
2024;T4;Fuencarral-El Pardo;Tasa de variación sobre igual período del ańo anterior;12.8;Porcentaje;
2024;T4;Hortaleza;Serie;115.662;Índice;
2024;T4;Hortaleza;Tasa de variación sobre el periodo anterior;4.1;Porcentaje;
2024;T4;Hortaleza;Tasa de variación sobre igual período del ańo anterior;11.3;Porcentaje;
2024;T4;Latina;Serie;124.648;Índice;
2024;T4;Latina;Tasa de variación sobre el periodo anterior;6.2;Porcentaje;
2024;T4;Latina;Tasa de variación sobre igual período del ańo anterior;18.6;Porcentaje;
2024;T4;Moncloa-Aravaca;Serie;117.871;Índice;
2024;T4;Moncloa-Aravaca;Tasa de variación sobre el periodo anterior;4.2;Porcentaje;
2024;T4;Moncloa-Aravaca;Tasa de variación sobre igual período del ańo anterior;8.9;Porcentaje;
2024;T4;Moratalaz;Serie;118.024;Índice;
2024;T4;Moratalaz;Tasa de variación sobre el periodo anterior;1.3;Porcentaje;
2024;T4;Moratalaz;Tasa de variación sobre igual período del ańo anterior;10.8;Porcentaje;
2024;T4;Puente de Vallecas;Serie;118.667;Índice;
2024;T4;Puente de Vallecas;Tasa de variación sobre el periodo anterior;1.2;Porcentaje;
2024;T4;Puente de Vallecas;Tasa de variación sobre igual período del ańo anterior;11.4;Porcentaje;
2024;T4;Retiro;Serie;120.309;Índice;
2024;T4;Retiro;Tasa de variación sobre el periodo anterior;0.4;Porcentaje;
2024;T4;Retiro;Tasa de variación sobre igual período del ańo anterior;13.4;Porcentaje;
2024;T4;Salamanca;Serie;125.527;Índice;
2024;T4;Salamanca;Tasa de variación sobre el periodo anterior;3.4;Porcentaje;
2024;T4;Salamanca;Tasa de variación sobre igual período del ańo anterior;9.6;Porcentaje;
2024;T4;San Blas-Canillejas;Serie;117.408;Índice;
2024;T4;San Blas-Canillejas;Tasa de variación sobre el periodo anterior;5.5;Porcentaje;
2024;T4;San Blas-Canillejas;Tasa de variación sobre igual período del ańo anterior;12.6;Porcentaje;
2024;T4;Tetuán;Serie;122.013;Índice;
2024;T4;Tetuán;Tasa de variación sobre el periodo anterior;7.0;Porcentaje;
2024;T4;Tetuán;Tasa de variación sobre igual período del ańo anterior;15.2;Porcentaje;
2024;T4;Usera;Serie;122.486;Índice;
2024;T4;Usera;Tasa de variación sobre el periodo anterior;4.6;Porcentaje;
2024;T4;Usera;Tasa de variación sobre igual período del ańo anterior;16.4;Porcentaje;
2024;T4;Vicálvaro;Serie;114.429;Índice;
2024;T4;Vicálvaro;Tasa de variación sobre el periodo anterior;3.5;Porcentaje;
2024;T4;Vicálvaro;Tasa de variación sobre igual período del ańo anterior;7.7;Porcentaje;
2024;T4;Villa de Vallecas;Serie;116.867;Índice;
2024;T4;Villa de Vallecas;Tasa de variación sobre el periodo anterior;2.3;Porcentaje;
2024;T4;Villa de Vallecas;Tasa de variación sobre igual período del ańo anterior;13.5;Porcentaje;
2024;T4;Villaverde;Serie;121.788;Índice;
2024;T4;Villaverde;Tasa de variación sobre el periodo anterior;3.4;Porcentaje;
2024;T4;Villaverde;Tasa de variación sobre igual período del ańo anterior;14.0;Porcentaje;
2024;T3;Arganzuela;Serie;115.879;Índice;
2024;T3;Arganzuela;Tasa de variación sobre el periodo anterior;4.8;Porcentaje;
2024;T3;Arganzuela;Tasa de variación sobre igual período del ańo anterior;9.1;Porcentaje;
2024;T3;Barajas;Serie;105.93;Índice;
2024;T3;Barajas;Tasa de variación sobre el periodo anterior;-0.2;Porcentaje;
2024;T3;Barajas;Tasa de variación sobre igual período del ańo anterior;2.7;Porcentaje;
2024;T3;Carabanchel;Serie;118.315;Índice;
2024;T3;Carabanchel;Tasa de variación sobre el periodo anterior;3.7;Porcentaje;
2024;T3;Carabanchel;Tasa de variación sobre igual período del ańo anterior;15.3;Porcentaje;
2024;T3;Centro;Serie;110.765;Índice;
2024;T3;Centro;Tasa de variación sobre el periodo anterior;1.8;Porcentaje;
2024;T3;Centro;Tasa de variación sobre igual período del ańo anterior;5.6;Porcentaje;
2024;T3;Chamartín;Serie;124.123;Índice;
2024;T3;Chamartín;Tasa de variación sobre el periodo anterior;7.6;Porcentaje;
2024;T3;Chamartín;Tasa de variación sobre igual período del ańo anterior;17.5;Porcentaje;
2024;T3;Chamberí;Serie;119.753;Índice;
2024;T3;Chamberí;Tasa de variación sobre igual período del ańo anterior;9.5;Porcentaje;
2024;T3;Ciudad Lineal;Serie;116.906;Índice;
2024;T3;Ciudad Lineal;Tasa de variación sobre el periodo anterior;5.2;Porcentaje;
2024;T3;Ciudad Lineal;Tasa de variación sobre igual período del ańo anterior;12.2;Porcentaje;
2024;T3;Fuencarral-El Pardo;Serie;111.118;Índice;
2024;T3;Fuencarral-El Pardo;Tasa de variación sobre el periodo anterior;3.3;Porcentaje;
2024;T3;Fuencarral-El Pardo;Tasa de variación sobre igual período del ańo anterior;7.6;Porcentaje;
2024;T3;Hortaleza;Serie;111.067;Índice;
2024;T3;Hortaleza;Tasa de variación sobre el periodo anterior;1.0;Porcentaje;
2024;T3;Hortaleza;Tasa de variación sobre igual período del ańo anterior;10.5;Porcentaje;
2024;T3;Latina;Serie;117.391;Índice;
2024;T3;Latina;Tasa de variación sobre el periodo anterior;4.2;Porcentaje;
2024;T3;Latina;Tasa de variación sobre igual período del ańo anterior;12.4;Porcentaje;
2024;T3;Moncloa-Aravaca;Serie;113.066;Índice;
2024;T3;Moncloa-Aravaca;Tasa de variación sobre el periodo anterior;0.1;Porcentaje;
2024;T3;Moncloa-Aravaca;Tasa de variación sobre igual período del ańo anterior;4.0;Porcentaje;
2024;T3;Moratalaz;Serie;116.503;Índice;
2024;T3;Moratalaz;Tasa de variación sobre el periodo anterior;4.1;Porcentaje;
2024;T3;Moratalaz;Tasa de variación sobre igual período del ańo anterior;11.5;Porcentaje;
2024;T3;Puente de Vallecas;Serie;117.311;Índice;
2024;T3;Puente de Vallecas;Tasa de variación sobre el periodo anterior;1.5;Porcentaje;
2024;T3;Puente de Vallecas;Tasa de variación sobre igual período del ańo anterior;10.9;Porcentaje;
2024;T3;Retiro;Serie;119.87;Índice;
2024;T3;Retiro;Tasa de variación sobre el periodo anterior;6.7;Porcentaje;
2024;T3;Retiro;Tasa de variación sobre igual período del ańo anterior;17.1;Porcentaje;
2024;T3;Salamanca;Serie;121.413;Índice;
2024;T3;Salamanca;Tasa de variación sobre el periodo anterior;4.1;Porcentaje;
2024;T3;Salamanca;Tasa de variación sobre igual período del ańo anterior;10.9;Porcentaje;
2024;T3;San Blas-Canillejas;Serie;111.339;Índice;
2024;T3;San Blas-Canillejas;Tasa de variación sobre el periodo anterior;-0.1;Porcentaje;
2024;T3;San Blas-Canillejas;Tasa de variación sobre igual período del ańo anterior;5.3;Porcentaje;
2024;T3;Tetuán;Serie;114.081;Índice;
2024;T3;Tetuán;Tasa de variación sobre el periodo anterior;2.8;Porcentaje;
2024;T3;Tetuán;Tasa de variación sobre igual período del ańo anterior;10.4;Porcentaje;
2024;T3;Usera;Serie;117.099;Índice;
2024;T3;Usera;Tasa de variación sobre el periodo anterior;0.5;Porcentaje;
2024;T3;Usera;Tasa de variación sobre igual período del ańo anterior;11.9;Porcentaje;
2024;T3;Vicálvaro;Serie;110.592;Índice;
2024;T3;Vicálvaro;Tasa de variación sobre el periodo anterior;2.1;Porcentaje;
2024;T3;Vicálvaro;Tasa de variación sobre igual período del ańo anterior;4.1;Porcentaje;
2024;T3;Villa de Vallecas;Serie;114.222;Índice;
2024;T3;Villa de Vallecas;Tasa de variación sobre el periodo anterior;4.6;Porcentaje;
2024;T3;Villa de Vallecas;Tasa de variación sobre igual período del ańo anterior;13.5;Porcentaje;
2024;T3;Villaverde;Serie;117.777;Índice;
2024;T3;Villaverde;Tasa de variación sobre el periodo anterior;2.1;Porcentaje;
2024;T3;Villaverde;Tasa de variación sobre igual período del ańo anterior;14.4;Porcentaje;
2024;T2;Arganzuela;Serie;110.619;Índice;
2024;T2;Arganzuela;Tasa de variación sobre el periodo anterior;1.0;Porcentaje;
2024;T2;Arganzuela;Tasa de variación sobre igual período del ańo anterior;8.1;Porcentaje;
2024;T2;Barajas;Serie;106.173;Índice;
2024;T2;Barajas;Tasa de variación sobre el periodo anterior;1.7;Porcentaje;
2024;T2;Barajas;Tasa de variación sobre igual período del ańo anterior;6.8;Porcentaje;
2024;T2;Carabanchel;Serie;114.067;Índice;
2024;T2;Carabanchel;Tasa de variación sobre el periodo anterior;5.3;Porcentaje;
2024;T2;Carabanchel;Tasa de variación sobre igual período del ańo anterior;11.5;Porcentaje;
2024;T2;Centro;Serie;108.782;Índice;
2024;T2;Centro;Tasa de variación sobre el periodo anterior;0.4;Porcentaje;
2024;T2;Centro;Tasa de variación sobre igual período del ańo anterior;5.3;Porcentaje;
2024;T2;Chamartín;Serie;115.342;Índice;
2024;T2;Chamartín;Tasa de variación sobre el periodo anterior;4.0;Porcentaje;
2024;T2;Chamartín;Tasa de variación sobre igual período del ańo anterior;10.7;Porcentaje;
2024;T2;Chamberí;Serie;115.425;Índice;
2024;T2;Chamberí;Tasa de variación sobre igual período del ańo anterior;6.2;Porcentaje;
2024;T2;Ciudad Lineal;Serie;111.176;Índice;
2024;T2;Ciudad Lineal;Tasa de variación sobre el periodo anterior;1.5;Porcentaje;
2024;T2;Ciudad Lineal;Tasa de variación sobre igual período del ańo anterior;7.7;Porcentaje;
2024;T2;Fuencarral-El Pardo;Serie;107.579;Índice;
2024;T2;Fuencarral-El Pardo;Tasa de variación sobre el periodo anterior;1.4;Porcentaje;
2024;T2;Fuencarral-El Pardo;Tasa de variación sobre igual período del ańo anterior;5.4;Porcentaje;
2024;T2;Hortaleza;Serie;109.983;Índice;
2024;T2;Hortaleza;Tasa de variación sobre el periodo anterior;4.3;Porcentaje;
2024;T2;Hortaleza;Tasa de variación sobre igual período del ańo anterior;10.7;Porcentaje;
2024;T2;Latina;Serie;112.617;Índice;
2024;T2;Latina;Tasa de variación sobre el periodo anterior;4.8;Porcentaje;
2024;T2;Latina;Tasa de variación sobre igual período del ańo anterior;10.6;Porcentaje;
2024;T2;Moncloa-Aravaca;Serie;112.913;Índice;
2024;T2;Moncloa-Aravaca;Tasa de variación sobre el periodo anterior;5.5;Porcentaje;
2024;T2;Moncloa-Aravaca;Tasa de variación sobre igual período del ańo anterior;8.5;Porcentaje;
2024;T2;Moratalaz;Serie;111.92;Índice;
2024;T2;Moratalaz;Tasa de variación sobre el periodo anterior;3.9;Porcentaje;
2024;T2;Moratalaz;Tasa de variación sobre igual período del ańo anterior;11.5;Porcentaje;
2024;T2;Puente de Vallecas;Serie;115.564;Índice;
2024;T2;Puente de Vallecas;Tasa de variación sobre el periodo anterior;6.2;Porcentaje;
2024;T2;Puente de Vallecas;Tasa de variación sobre igual período del ańo anterior;11.3;Porcentaje;
2024;T2;Retiro;Serie;112.307;Índice;
2024;T2;Retiro;Tasa de variación sobre el periodo anterior;5.0;Porcentaje;
2024;T2;Retiro;Tasa de variación sobre igual período del ańo anterior;7.7;Porcentaje;
2024;T2;Salamanca;Serie;116.611;Índice;
2024;T2;Salamanca;Tasa de variación sobre el periodo anterior;5.5;Porcentaje;
2024;T2;Salamanca;Tasa de variación sobre igual período del ańo anterior;7.7;Porcentaje;
2024;T2;San Blas-Canillejas;Serie;111.435;Índice;
2024;T2;San Blas-Canillejas;Tasa de variación sobre el periodo anterior;2.8;Porcentaje;
2024;T2;San Blas-Canillejas;Tasa de variación sobre igual período del ańo anterior;8.1;Porcentaje;
2024;T2;Tetuán;Serie;111.019;Índice;
2024;T2;Tetuán;Tasa de variación sobre el periodo anterior;4.9;Porcentaje;
2024;T2;Tetuán;Tasa de variación sobre igual período del ańo anterior;11.5;Porcentaje;
2024;T2;Usera;Serie;116.486;Índice;
2024;T2;Usera;Tasa de variación sobre el periodo anterior;10.1;Porcentaje;
2024;T2;Usera;Tasa de variación sobre igual período del ańo anterior;11.9;Porcentaje;
2024;T2;Vicálvaro;Serie;108.336;Índice;
2024;T2;Vicálvaro;Tasa de variación sobre el periodo anterior;3.7;Porcentaje;
2024;T2;Vicálvaro;Tasa de variación sobre igual período del ańo anterior;6.1;Porcentaje;
2024;T2;Villa de Vallecas;Serie;109.16;Índice;
2024;T2;Villa de Vallecas;Tasa de variación sobre el periodo anterior;4.5;Porcentaje;
2024;T2;Villa de Vallecas;Tasa de variación sobre igual período del ańo anterior;6.8;Porcentaje;
2024;T2;Villaverde;Serie;115.335;Índice;
2024;T2;Villaverde;Tasa de variación sobre el periodo anterior;5.9;Porcentaje;
2024;T2;Villaverde;Tasa de variación sobre igual período del ańo anterior;8.2;Porcentaje;
2024;T1;Arganzuela;Serie;109.516;Índice;
2024;T1;Arganzuela;Tasa de variación sobre el periodo anterior;3.4;Porcentaje;
2024;T1;Arganzuela;Tasa de variación sobre igual período del ańo anterior;8.2;Porcentaje;
2024;T1;Barajas;Serie;104.347;Índice;
2024;T1;Barajas;Tasa de variación sobre el periodo anterior;-0.1;Porcentaje;
2024;T1;Barajas;Tasa de variación sobre igual período del ańo anterior;0.8;Porcentaje;
2024;T1;Carabanchel;Serie;108.333;Índice;
2024;T1;Carabanchel;Tasa de variación sobre el periodo anterior;-0.0;Porcentaje;
2024;T1;Carabanchel;Tasa de variación sobre igual período del ańo anterior;7.3;Porcentaje;
2024;T1;Centro;Serie;108.302;Índice;
2024;T1;Centro;Tasa de variación sobre el periodo anterior;4.1;Porcentaje;
2024;T1;Centro;Tasa de variación sobre igual período del ańo anterior;8.6;Porcentaje;
2024;T1;Chamartín;Serie;110.958;Índice;
2024;T1;Chamartín;Tasa de variación sobre el periodo anterior;5.9;Porcentaje;
2024;T1;Chamartín;Tasa de variación sobre igual período del ańo anterior;8.1;Porcentaje;
2024;T1;Chamberí;Serie;111.533;Índice;
2024;T1;Chamberí;Tasa de variación sobre igual período del ańo anterior;6.0;Porcentaje;
2024;T1;Ciudad Lineal;Serie;109.564;Índice;
2024;T1;Ciudad Lineal;Tasa de variación sobre el periodo anterior;4.2;Porcentaje;
2024;T1;Ciudad Lineal;Tasa de variación sobre igual período del ańo anterior;7.2;Porcentaje;
2024;T1;Fuencarral-El Pardo;Serie;106.136;Índice;
2024;T1;Fuencarral-El Pardo;Tasa de variación sobre el periodo anterior;4.1;Porcentaje;
2024;T1;Fuencarral-El Pardo;Tasa de variación sobre igual período del ańo anterior;4.1;Porcentaje;
2024;T1;Hortaleza;Serie;105.464;Índice;
2024;T1;Hortaleza;Tasa de variación sobre el periodo anterior;1.5;Porcentaje;
2024;T1;Hortaleza;Tasa de variación sobre igual período del ańo anterior;3.0;Porcentaje;
2024;T1;Latina;Serie;107.486;Índice;
2024;T1;Latina;Tasa de variación sobre el periodo anterior;2.3;Porcentaje;
2024;T1;Latina;Tasa de variación sobre igual período del ańo anterior;4.9;Porcentaje;
2024;T1;Moncloa-Aravaca;Serie;107.045;Índice;
2024;T1;Moncloa-Aravaca;Tasa de variación sobre el periodo anterior;-1.1;Porcentaje;
2024;T1;Moncloa-Aravaca;Tasa de variación sobre igual período del ańo anterior;3.5;Porcentaje;
2024;T1;Moratalaz;Serie;107.705;Índice;
2024;T1;Moratalaz;Tasa de variación sobre el periodo anterior;1.2;Porcentaje;
2024;T1;Moratalaz;Tasa de variación sobre igual período del ańo anterior;6.8;Porcentaje;
2024;T1;Puente de Vallecas;Serie;108.843;Índice;
2024;T1;Puente de Vallecas;Tasa de variación sobre el periodo anterior;2.2;Porcentaje;
2024;T1;Puente de Vallecas;Tasa de variación sobre igual período del ańo anterior;8.1;Porcentaje;
2024;T1;Retiro;Serie;106.93;Índice;
2024;T1;Retiro;Tasa de variación sobre el periodo anterior;0.8;Porcentaje;
2024;T1;Retiro;Tasa de variación sobre igual período del ańo anterior;4.7;Porcentaje;
2024;T1;Salamanca;Serie;110.483;Índice;
2024;T1;Salamanca;Tasa de variación sobre el periodo anterior;-3.5;Porcentaje;
2024;T1;Salamanca;Tasa de variación sobre igual período del ańo anterior;5.0;Porcentaje;
2024;T1;San Blas-Canillejas;Serie;108.394;Índice;
2024;T1;San Blas-Canillejas;Tasa de variación sobre el periodo anterior;3.9;Porcentaje;
2024;T1;San Blas-Canillejas;Tasa de variación sobre igual período del ańo anterior;9.2;Porcentaje;
2024;T1;Tetuán;Serie;105.805;Índice;
2024;T1;Tetuán;Tasa de variación sobre el periodo anterior;-0.1;Porcentaje;
2024;T1;Tetuán;Tasa de variación sobre igual período del ańo anterior;3.7;Porcentaje;
2024;T1;Usera;Serie;105.826;Índice;
2024;T1;Usera;Tasa de variación sobre el periodo anterior;0.5;Porcentaje;
2024;T1;Usera;Tasa de variación sobre igual período del ańo anterior;2.7;Porcentaje;
2024;T1;Vicálvaro;Serie;104.507;Índice;
2024;T1;Vicálvaro;Tasa de variación sobre el periodo anterior;-1.6;Porcentaje;
2024;T1;Vicálvaro;Tasa de variación sobre igual período del ańo anterior;4.1;Porcentaje;
2024;T1;Villa de Vallecas;Serie;104.449;Índice;
2024;T1;Villa de Vallecas;Tasa de variación sobre el periodo anterior;1.4;Porcentaje;
2024;T1;Villa de Vallecas;Tasa de variación sobre igual período del ańo anterior;4.9;Porcentaje;
2024;T1;Villaverde;Serie;108.89;Índice;
2024;T1;Villaverde;Tasa de variación sobre el periodo anterior;1.9;Porcentaje;
2024;T1;Villaverde;Tasa de variación sobre igual período del ańo anterior;6.5;Porcentaje;
2023;T4;Arganzuela;Serie;105.926;Índice;
2023;T4;Arganzuela;Tasa de variación sobre el periodo anterior;-0.2;Porcentaje;
2023;T4;Arganzuela;Tasa de variación sobre igual período del ańo anterior;3.9;Porcentaje;
2023;T4;Barajas;Serie;104.429;Índice;
2023;T4;Barajas;Tasa de variación sobre el periodo anterior;1.3;Porcentaje;
2023;T4;Barajas;Tasa de variación sobre igual período del ańo anterior;4.5;Porcentaje;
2023;T4;Carabanchel;Serie;108.346;Índice;
2023;T4;Carabanchel;Tasa de variación sobre el periodo anterior;5.6;Porcentaje;
2023;T4;Carabanchel;Tasa de variación sobre igual período del ańo anterior;7.7;Porcentaje;
2023;T4;Centro;Serie;104.056;Índice;
2023;T4;Centro;Tasa de variación sobre el periodo anterior;-0.8;Porcentaje;
2023;T4;Centro;Tasa de variación sobre igual período del ańo anterior;2.2;Porcentaje;
2023;T4;Chamartín;Serie;104.799;Índice;
2023;T4;Chamartín;Tasa de variación sobre el periodo anterior;-0.8;Porcentaje;
2023;T4;Chamartín;Tasa de variación sobre igual período del ańo anterior;4.6;Porcentaje;
2023;T4;Chamberí;Serie;108.112;Índice;
2023;T4;Chamberí;Tasa de variación sobre igual período del ańo anterior;4.1;Porcentaje;
2023;T4;Ciudad Lineal;Serie;105.149;Índice;
2023;T4;Ciudad Lineal;Tasa de variación sobre el periodo anterior;0.9;Porcentaje;
2023;T4;Ciudad Lineal;Tasa de variación sobre igual período del ańo anterior;3.9;Porcentaje;
2023;T4;Fuencarral-El Pardo;Serie;101.908;Índice;
2023;T4;Fuencarral-El Pardo;Tasa de variación sobre el periodo anterior;-1.3;Porcentaje;
2023;T4;Fuencarral-El Pardo;Tasa de variación sobre igual período del ańo anterior;2.5;Porcentaje;
2023;T4;Hortaleza;Serie;103.914;Índice;
2023;T4;Hortaleza;Tasa de variación sobre el periodo anterior;3.4;Porcentaje;
2023;T4;Hortaleza;Tasa de variación sobre igual período del ańo anterior;3.2;Porcentaje;
2023;T4;Latina;Serie;105.086;Índice;
2023;T4;Latina;Tasa de variación sobre el periodo anterior;0.6;Porcentaje;
2023;T4;Latina;Tasa de variación sobre igual período del ańo anterior;4.2;Porcentaje;
2023;T4;Moncloa-Aravaca;Serie;108.238;Índice;
2023;T4;Moncloa-Aravaca;Tasa de variación sobre el periodo anterior;-0.4;Porcentaje;
2023;T4;Moncloa-Aravaca;Tasa de variación sobre igual período del ańo anterior;7.2;Porcentaje;
2023;T4;Moratalaz;Serie;106.478;Índice;
2023;T4;Moratalaz;Tasa de variación sobre el periodo anterior;1.9;Porcentaje;
2023;T4;Moratalaz;Tasa de variación sobre igual período del ańo anterior;7.6;Porcentaje;
2023;T4;Puente de Vallecas;Serie;106.489;Índice;
2023;T4;Puente de Vallecas;Tasa de variación sobre el periodo anterior;0.6;Porcentaje;
2023;T4;Puente de Vallecas;Tasa de variación sobre igual período del ańo anterior;5.0;Porcentaje;
2023;T4;Retiro;Serie;106.082;Índice;
2023;T4;Retiro;Tasa de variación sobre el periodo anterior;3.6;Porcentaje;
2023;T4;Retiro;Tasa de variación sobre igual período del ańo anterior;3.7;Porcentaje;
2023;T4;Salamanca;Serie;114.534;Índice;
2023;T4;Salamanca;Tasa de variación sobre el periodo anterior;4.6;Porcentaje;
2023;T4;Salamanca;Tasa de variación sobre igual período del ańo anterior;9.5;Porcentaje;
2023;T4;San Blas-Canillejas;Serie;104.287;Índice;
2023;T4;San Blas-Canillejas;Tasa de variación sobre el periodo anterior;-1.3;Porcentaje;
2023;T4;San Blas-Canillejas;Tasa de variación sobre igual período del ańo anterior;3.9;Porcentaje;
2023;T4;Tetuán;Serie;105.91;Índice;
2023;T4;Tetuán;Tasa de variación sobre el periodo anterior;2.5;Porcentaje;
2023;T4;Tetuán;Tasa de variación sobre igual período del ańo anterior;5.4;Porcentaje;
2023;T4;Usera;Serie;105.263;Índice;
2023;T4;Usera;Tasa de variación sobre el periodo anterior;0.6;Porcentaje;
2023;T4;Usera;Tasa de variación sobre igual período del ańo anterior;2.1;Porcentaje;
2023;T4;Vicálvaro;Serie;106.22;Índice;
2023;T4;Vicálvaro;Tasa de variación sobre el periodo anterior;-0.0;Porcentaje;
2023;T4;Vicálvaro;Tasa de variación sobre igual período del ańo anterior;4.0;Porcentaje;
2023;T4;Villa de Vallecas;Serie;102.978;Índice;
2023;T4;Villa de Vallecas;Tasa de variación sobre el periodo anterior;2.3;Porcentaje;
2023;T4;Villa de Vallecas;Tasa de variación sobre igual período del ańo anterior;2.6;Porcentaje;
2023;T4;Villaverde;Serie;106.84;Índice;
2023;T4;Villaverde;Tasa de variación sobre el periodo anterior;3.8;Porcentaje;
2023;T4;Villaverde;Tasa de variación sobre igual período del ańo anterior;3.5;Porcentaje;
2023;T3;Arganzuela;Serie;106.19;Índice;
2023;T3;Arganzuela;Tasa de variación sobre el periodo anterior;3.8;Porcentaje;
2023;T3;Arganzuela;Tasa de variación sobre igual período del ańo anterior;5.5;Porcentaje;
2023;T3;Barajas;Serie;103.128;Índice;
2023;T3;Barajas;Tasa de variación sobre el periodo anterior;3.8;Porcentaje;
2023;T3;Barajas;Tasa de variación sobre igual período del ańo anterior;2.3;Porcentaje;
2023;T3;Carabanchel;Serie;102.631;Índice;
2023;T3;Carabanchel;Tasa de variación sobre el periodo anterior;0.4;Porcentaje;
2023;T3;Carabanchel;Tasa de variación sobre igual período del ańo anterior;0.5;Porcentaje;
2023;T3;Centro;Serie;104.92;Índice;
2023;T3;Centro;Tasa de variación sobre el periodo anterior;1.6;Porcentaje;
2023;T3;Centro;Tasa de variación sobre igual período del ańo anterior;5.1;Porcentaje;
2023;T3;Chamartín;Serie;105.676;Índice;
2023;T3;Chamartín;Tasa de variación sobre el periodo anterior;1.4;Porcentaje;
2023;T3;Chamartín;Tasa de variación sobre igual período del ańo anterior;4.8;Porcentaje;
2023;T3;Chamberí;Serie;109.399;Índice;
2023;T3;Chamberí;Tasa de variación sobre igual período del ańo anterior;8.3;Porcentaje;
2023;T3;Ciudad Lineal;Serie;104.206;Índice;
2023;T3;Ciudad Lineal;Tasa de variación sobre el periodo anterior;0.9;Porcentaje;
2023;T3;Ciudad Lineal;Tasa de variación sobre igual período del ańo anterior;2.8;Porcentaje;
2023;T3;Fuencarral-El Pardo;Serie;103.281;Índice;
2023;T3;Fuencarral-El Pardo;Tasa de variación sobre el periodo anterior;1.2;Porcentaje;
2023;T3;Fuencarral-El Pardo;Tasa de variación sobre igual período del ańo anterior;1.5;Porcentaje;
2023;T3;Hortaleza;Serie;100.51;Índice;
2023;T3;Hortaleza;Tasa de variación sobre el periodo anterior;1.2;Porcentaje;
2023;T3;Hortaleza;Tasa de variación sobre igual período del ańo anterior;0.5;Porcentaje;
2023;T3;Latina;Serie;104.425;Índice;
2023;T3;Latina;Tasa de variación sobre el periodo anterior;2.6;Porcentaje;
2023;T3;Latina;Tasa de variación sobre igual período del ańo anterior;1.2;Porcentaje;
2023;T3;Moncloa-Aravaca;Serie;108.718;Índice;
2023;T3;Moncloa-Aravaca;Tasa de variación sobre el periodo anterior;4.5;Porcentaje;
2023;T3;Moncloa-Aravaca;Tasa de variación sobre igual período del ańo anterior;8.2;Porcentaje;
2023;T3;Moratalaz;Serie;104.518;Índice;
2023;T3;Moratalaz;Tasa de variación sobre el periodo anterior;4.1;Porcentaje;
2023;T3;Moratalaz;Tasa de variación sobre igual período del ańo anterior;2.5;Porcentaje;
2023;T3;Puente de Vallecas;Serie;105.806;Índice;
2023;T3;Puente de Vallecas;Tasa de variación sobre el periodo anterior;1.9;Porcentaje;
2023;T3;Puente de Vallecas;Tasa de variación sobre igual período del ańo anterior;3.4;Porcentaje;
2023;T3;Retiro;Serie;102.391;Índice;
2023;T3;Retiro;Tasa de variación sobre el periodo anterior;-1.8;Porcentaje;
2023;T3;Retiro;Tasa de variación sobre igual período del ańo anterior;2.7;Porcentaje;
2023;T3;Salamanca;Serie;109.487;Índice;
2023;T3;Salamanca;Tasa de variación sobre el periodo anterior;1.1;Porcentaje;
2023;T3;Salamanca;Tasa de variación sobre igual período del ańo anterior;5.0;Porcentaje;
2023;T3;San Blas-Canillejas;Serie;105.686;Índice;
2023;T3;San Blas-Canillejas;Tasa de variación sobre el periodo anterior;2.5;Porcentaje;
2023;T3;San Blas-Canillejas;Tasa de variación sobre igual período del ańo anterior;2.6;Porcentaje;
2023;T3;Tetuán;Serie;103.373;Índice;
2023;T3;Tetuán;Tasa de variación sobre el periodo anterior;3.8;Porcentaje;
2023;T3;Tetuán;Tasa de variación sobre igual período del ańo anterior;-0.1;Porcentaje;
2023;T3;Usera;Serie;104.65;Índice;
2023;T3;Usera;Tasa de variación sobre el periodo anterior;0.6;Porcentaje;
2023;T3;Usera;Tasa de variación sobre igual período del ańo anterior;2.6;Porcentaje;
2023;T3;Vicálvaro;Serie;106.245;Índice;
2023;T3;Vicálvaro;Tasa de variación sobre el periodo anterior;4.1;Porcentaje;
2023;T3;Vicálvaro;Tasa de variación sobre igual período del ańo anterior;5.4;Porcentaje;
2023;T3;Villa de Vallecas;Serie;100.648;Índice;
2023;T3;Villa de Vallecas;Tasa de variación sobre el periodo anterior;-1.5;Porcentaje;
2023;T3;Villa de Vallecas;Tasa de variación sobre igual período del ańo anterior;-1.4;Porcentaje;
2023;T3;Villaverde;Serie;102.973;Índice;
2023;T3;Villaverde;Tasa de variación sobre el periodo anterior;-3.4;Porcentaje;
2023;T3;Villaverde;Tasa de variación sobre igual período del ańo anterior;1.8;Porcentaje;
2023;T2;Arganzuela;Serie;102.296;Índice;
2023;T2;Arganzuela;Tasa de variación sobre el periodo anterior;1.1;Porcentaje;
2023;T2;Arganzuela;Tasa de variación sobre igual período del ańo anterior;1.9;Porcentaje;
2023;T2;Barajas;Serie;99.37;Índice;
2023;T2;Barajas;Tasa de variación sobre el periodo anterior;-4.0;Porcentaje;
2023;T2;Barajas;Tasa de variación sobre igual período del ańo anterior;-0.7;Porcentaje;
2023;T2;Carabanchel;Serie;102.257;Índice;
2023;T2;Carabanchel;Tasa de variación sobre el periodo anterior;1.3;Porcentaje;
2023;T2;Carabanchel;Tasa de variación sobre igual período del ańo anterior;2.6;Porcentaje;
2023;T2;Centro;Serie;103.301;Índice;
2023;T2;Centro;Tasa de variación sobre el periodo anterior;3.6;Porcentaje;
2023;T2;Centro;Tasa de variación sobre igual período del ańo anterior;4.9;Porcentaje;
2023;T2;Chamartín;Serie;104.197;Índice;
2023;T2;Chamartín;Tasa de variación sobre el periodo anterior;1.5;Porcentaje;
2023;T2;Chamartín;Tasa de variación sobre igual período del ańo anterior;4.0;Porcentaje;
2023;T2;Chamberí;Serie;108.671;Índice;
2023;T2;Chamberí;Tasa de variación sobre igual período del ańo anterior;10.9;Porcentaje;
2023;T2;Ciudad Lineal;Serie;103.241;Índice;
2023;T2;Ciudad Lineal;Tasa de variación sobre el periodo anterior;1.0;Porcentaje;
2023;T2;Ciudad Lineal;Tasa de variación sobre igual período del ańo anterior;2.9;Porcentaje;
2023;T2;Fuencarral-El Pardo;Serie;102.063;Índice;
2023;T2;Fuencarral-El Pardo;Tasa de variación sobre el periodo anterior;0.1;Porcentaje;
2023;T2;Fuencarral-El Pardo;Tasa de variación sobre igual período del ańo anterior;2.9;Porcentaje;
2023;T2;Hortaleza;Serie;99.36;Índice;
2023;T2;Hortaleza;Tasa de variación sobre el periodo anterior;-3.0;Porcentaje;
2023;T2;Hortaleza;Tasa de variación sobre igual período del ańo anterior;-0.1;Porcentaje;
2023;T2;Latina;Serie;101.812;Índice;
2023;T2;Latina;Tasa de variación sobre el periodo anterior;-0.6;Porcentaje;
2023;T2;Latina;Tasa de variación sobre igual período del ańo anterior;2.7;Porcentaje;
2023;T2;Moncloa-Aravaca;Serie;104.083;Índice;
2023;T2;Moncloa-Aravaca;Tasa de variación sobre el periodo anterior;0.6;Porcentaje;
2023;T2;Moncloa-Aravaca;Tasa de variación sobre igual período del ańo anterior;4.8;Porcentaje;
2023;T2;Moratalaz;Serie;100.38;Índice;
2023;T2;Moratalaz;Tasa de variación sobre el periodo anterior;-0.4;Porcentaje;
2023;T2;Moratalaz;Tasa de variación sobre igual período del ańo anterior;-0.1;Porcentaje;
2023;T2;Puente de Vallecas;Serie;103.809;Índice;
2023;T2;Puente de Vallecas;Tasa de variación sobre el periodo anterior;3.1;Porcentaje;
2023;T2;Puente de Vallecas;Tasa de variación sobre igual período del ańo anterior;4.0;Porcentaje;
2023;T2;Retiro;Serie;104.293;Índice;
2023;T2;Retiro;Tasa de variación sobre el periodo anterior;2.1;Porcentaje;
2023;T2;Retiro;Tasa de variación sobre igual período del ańo anterior;5.3;Porcentaje;
2023;T2;Salamanca;Serie;108.324;Índice;
2023;T2;Salamanca;Tasa de variación sobre el periodo anterior;2.9;Porcentaje;
2023;T2;Salamanca;Tasa de variación sobre igual período del ańo anterior;11.8;Porcentaje;
2023;T2;San Blas-Canillejas;Serie;103.062;Índice;
2023;T2;San Blas-Canillejas;Tasa de variación sobre el periodo anterior;3.8;Porcentaje;
2023;T2;San Blas-Canillejas;Tasa de variación sobre igual período del ańo anterior;3.5;Porcentaje;
2023;T2;Tetuán;Serie;99.579;Índice;
2023;T2;Tetuán;Tasa de variación sobre el periodo anterior;-2.4;Porcentaje;
2023;T2;Tetuán;Tasa de variación sobre igual período del ańo anterior;1.8;Porcentaje;
2023;T2;Usera;Serie;104.076;Índice;
2023;T2;Usera;Tasa de variación sobre el periodo anterior;1.0;Porcentaje;
2023;T2;Usera;Tasa de variación sobre igual período del ańo anterior;5.1;Porcentaje;
2023;T2;Vicálvaro;Serie;102.096;Índice;
2023;T2;Vicálvaro;Tasa de variación sobre el periodo anterior;1.7;Porcentaje;
2023;T2;Vicálvaro;Tasa de variación sobre igual período del ańo anterior;4.6;Porcentaje;
2023;T2;Villa de Vallecas;Serie;102.221;Índice;
2023;T2;Villa de Vallecas;Tasa de variación sobre el periodo anterior;2.6;Porcentaje;
2023;T2;Villa de Vallecas;Tasa de variación sobre igual período del ańo anterior;4.0;Porcentaje;
2023;T2;Villaverde;Serie;106.583;Índice;
2023;T2;Villaverde;Tasa de variación sobre el periodo anterior;4.2;Porcentaje;
2023;T2;Villaverde;Tasa de variación sobre igual período del ańo anterior;8.8;Porcentaje;
2023;T1;Arganzuela;Serie;101.21;Índice;
2023;T1;Arganzuela;Tasa de variación sobre el periodo anterior;-0.7;Porcentaje;
2023;T1;Arganzuela;Tasa de variación sobre igual período del ańo anterior;4.4;Porcentaje;
2023;T1;Barajas;Serie;103.55;Índice;
2023;T1;Barajas;Tasa de variación sobre el periodo anterior;3.6;Porcentaje;
2023;T1;Barajas;Tasa de variación sobre igual período del ańo anterior;4.6;Porcentaje;
2023;T1;Carabanchel;Serie;100.95;Índice;
2023;T1;Carabanchel;Tasa de variación sobre el periodo anterior;0.3;Porcentaje;
2023;T1;Carabanchel;Tasa de variación sobre igual período del ańo anterior;3.5;Porcentaje;
2023;T1;Centro;Serie;99.714;Índice;
2023;T1;Centro;Tasa de variación sobre el periodo anterior;-2.1;Porcentaje;
2023;T1;Centro;Tasa de variación sobre igual período del ańo anterior;1.9;Porcentaje;
2023;T1;Chamartín;Serie;102.611;Índice;
2023;T1;Chamartín;Tasa de variación sobre el periodo anterior;2.4;Porcentaje;
2023;T1;Chamartín;Tasa de variación sobre igual período del ańo anterior;3.9;Porcentaje;
2023;T1;Chamberí;Serie;105.245;Índice;
2023;T1;Chamberí;Tasa de variación sobre igual período del ańo anterior;8.3;Porcentaje;
2023;T1;Ciudad Lineal;Serie;102.215;Índice;
2023;T1;Ciudad Lineal;Tasa de variación sobre el periodo anterior;1.0;Porcentaje;
2023;T1;Ciudad Lineal;Tasa de variación sobre igual período del ańo anterior;5.3;Porcentaje;
2023;T1;Fuencarral-El Pardo;Serie;101.971;Índice;
2023;T1;Fuencarral-El Pardo;Tasa de variación sobre el periodo anterior;2.6;Porcentaje;
2023;T1;Fuencarral-El Pardo;Tasa de variación sobre igual período del ańo anterior;2.4;Porcentaje;
2023;T1;Hortaleza;Serie;102.391;Índice;
2023;T1;Hortaleza;Tasa de variación sobre el periodo anterior;1.7;Porcentaje;
2023;T1;Hortaleza;Tasa de variación sobre igual período del ańo anterior;2.5;Porcentaje;
2023;T1;Latina;Serie;102.442;Índice;
2023;T1;Latina;Tasa de variación sobre el periodo anterior;1.6;Porcentaje;
2023;T1;Latina;Tasa de variación sobre igual período del ańo anterior;5.8;Porcentaje;
2023;T1;Moncloa-Aravaca;Serie;103.475;Índice;
2023;T1;Moncloa-Aravaca;Tasa de variación sobre el periodo anterior;2.5;Porcentaje;
2023;T1;Moncloa-Aravaca;Tasa de variación sobre igual período del ańo anterior;5.5;Porcentaje;
2023;T1;Moratalaz;Serie;100.808;Índice;
2023;T1;Moratalaz;Tasa de variación sobre el periodo anterior;1.8;Porcentaje;
2023;T1;Moratalaz;Tasa de variación sobre igual período del ańo anterior;2.3;Porcentaje;
2023;T1;Puente de Vallecas;Serie;100.715;Índice;
2023;T1;Puente de Vallecas;Tasa de variación sobre el periodo anterior;-0.7;Porcentaje;
2023;T1;Puente de Vallecas;Tasa de variación sobre igual período del ańo anterior;4.5;Porcentaje;
2023;T1;Retiro;Serie;102.1;Índice;
2023;T1;Retiro;Tasa de variación sobre el periodo anterior;-0.2;Porcentaje;
2023;T1;Retiro;Tasa de variación sobre igual período del ańo anterior;6.2;Porcentaje;
2023;T1;Salamanca;Serie;105.247;Índice;
2023;T1;Salamanca;Tasa de variación sobre el periodo anterior;0.6;Porcentaje;
2023;T1;Salamanca;Tasa de variación sobre igual período del ańo anterior;11.7;Porcentaje;
2023;T1;San Blas-Canillejas;Serie;99.286;Índice;
2023;T1;San Blas-Canillejas;Tasa de variación sobre el periodo anterior;-1.1;Porcentaje;
2023;T1;San Blas-Canillejas;Tasa de variación sobre igual período del ańo anterior;2.3;Porcentaje;
2023;T1;Tetuán;Serie;102.051;Índice;
2023;T1;Tetuán;Tasa de variación sobre el periodo anterior;1.6;Porcentaje;
2023;T1;Tetuán;Tasa de variación sobre igual período del ańo anterior;3.9;Porcentaje;
2023;T1;Usera;Serie;103.074;Índice;
2023;T1;Usera;Tasa de variación sobre el periodo anterior;-0.1;Porcentaje;
2023;T1;Usera;Tasa de variación sobre igual período del ańo anterior;7.6;Porcentaje;
2023;T1;Vicálvaro;Serie;100.41;Índice;
2023;T1;Vicálvaro;Tasa de variación sobre el periodo anterior;-1.7;Porcentaje;
2023;T1;Vicálvaro;Tasa de variación sobre igual período del ańo anterior;3.6;Porcentaje;
2023;T1;Villa de Vallecas;Serie;99.591;Índice;
2023;T1;Villa de Vallecas;Tasa de variación sobre el periodo anterior;-0.8;Porcentaje;
2023;T1;Villa de Vallecas;Tasa de variación sobre igual período del ańo anterior;1.2;Porcentaje;
2023;T1;Villaverde;Serie;102.281;Índice;
2023;T1;Villaverde;Tasa de variación sobre el periodo anterior;-0.9;Porcentaje;
2023;T1;Villaverde;Tasa de variación sobre igual período del ańo anterior;4.7;Porcentaje;
2022;T4;Arganzuela;Serie;101.946;Índice;
2022;T4;Arganzuela;Tasa de variación sobre el periodo anterior;1.3;Porcentaje;
2022;T4;Barajas;Serie;99.943;Índice;
2022;T4;Barajas;Tasa de variación sobre el periodo anterior;-0.8;Porcentaje;
2022;T4;Carabanchel;Serie;100.598;Índice;
2022;T4;Carabanchel;Tasa de variación sobre el periodo anterior;-1.5;Porcentaje;
2022;T4;Centro;Serie;101.854;Índice;
2022;T4;Centro;Tasa de variación sobre el periodo anterior;2.1;Porcentaje;
2022;T4;Chamartín;Serie;100.206;Índice;
2022;T4;Chamartín;Tasa de variación sobre el periodo anterior;-0.6;Porcentaje;
2022;T4;Chamberí;Serie;103.824;Índice;
2022;T4;Ciudad Lineal;Serie;101.22;Índice;
2022;T4;Ciudad Lineal;Tasa de variación sobre el periodo anterior;-0.2;Porcentaje;
2022;T4;Fuencarral-El Pardo;Serie;99.408;Índice;
2022;T4;Fuencarral-El Pardo;Tasa de variación sobre el periodo anterior;-2.3;Porcentaje;
2022;T4;Hortaleza;Serie;100.67;Índice;
2022;T4;Hortaleza;Tasa de variación sobre el periodo anterior;0.7;Porcentaje;
2022;T4;Latina;Serie;100.844;Índice;
2022;T4;Latina;Tasa de variación sobre el periodo anterior;-2.3;Porcentaje;
2022;T4;Moncloa-Aravaca;Serie;100.948;Índice;
2022;T4;Moncloa-Aravaca;Tasa de variación sobre el periodo anterior;0.5;Porcentaje;
2022;T4;Moratalaz;Serie;98.99;Índice;
2022;T4;Moratalaz;Tasa de variación sobre el periodo anterior;-2.9;Porcentaje;
2022;T4;Puente de Vallecas;Serie;101.442;Índice;
2022;T4;Puente de Vallecas;Tasa de variación sobre el periodo anterior;-0.9;Porcentaje;
2022;T4;Retiro;Serie;102.342;Índice;
2022;T4;Retiro;Tasa de variación sobre el periodo anterior;2.7;Porcentaje;
2022;T4;Salamanca;Serie;104.618;Índice;
2022;T4;Salamanca;Tasa de variación sobre el periodo anterior;0.3;Porcentaje;
2022;T4;San Blas-Canillejas;Serie;100.375;Índice;
2022;T4;San Blas-Canillejas;Tasa de variación sobre el periodo anterior;-2.5;Porcentaje;
2022;T4;Tetuán;Serie;100.437;Índice;
2022;T4;Tetuán;Tasa de variación sobre el periodo anterior;-3.0;Porcentaje;
2022;T4;Usera;Serie;103.139;Índice;
2022;T4;Usera;Tasa de variación sobre el periodo anterior;1.1;Porcentaje;
2022;T4;Vicálvaro;Serie;102.095;Índice;
2022;T4;Vicálvaro;Tasa de variación sobre el periodo anterior;1.2;Porcentaje;
2022;T4;Villa de Vallecas;Serie;100.382;Índice;
2022;T4;Villa de Vallecas;Tasa de variación sobre el periodo anterior;-1.6;Porcentaje;
2022;T4;Villaverde;Serie;103.215;Índice;
2022;T4;Villaverde;Tasa de variación sobre el periodo anterior;2.0;Porcentaje;
2022;T3;Arganzuela;Serie;100.684;Índice;
2022;T3;Arganzuela;Tasa de variación sobre el periodo anterior;0.3;Porcentaje;
2022;T3;Barajas;Serie;100.796;Índice;
2022;T3;Barajas;Tasa de variación sobre el periodo anterior;0.8;Porcentaje;
2022;T3;Carabanchel;Serie;102.121;Índice;
2022;T3;Carabanchel;Tasa de variación sobre el periodo anterior;2.4;Porcentaje;
2022;T3;Centro;Serie;99.801;Índice;
2022;T3;Centro;Tasa de variación sobre el periodo anterior;1.3;Porcentaje;
2022;T3;Chamartín;Serie;100.828;Índice;
2022;T3;Chamartín;Tasa de variación sobre el periodo anterior;0.6;Porcentaje;
2022;T3;Chamberí;Serie;101.028;Índice;
2022;T3;Ciudad Lineal;Serie;101.376;Índice;
2022;T3;Ciudad Lineal;Tasa de variación sobre el periodo anterior;1.1;Porcentaje;
2022;T3;Fuencarral-El Pardo;Serie;101.798;Índice;
2022;T3;Fuencarral-El Pardo;Tasa de variación sobre el periodo anterior;2.6;Porcentaje;
2022;T3;Hortaleza;Serie;99.97;Índice;
2022;T3;Hortaleza;Tasa de variación sobre el periodo anterior;0.5;Porcentaje;
2022;T3;Latina;Serie;103.174;Índice;
2022;T3;Latina;Tasa de variación sobre el periodo anterior;4.0;Porcentaje;
2022;T3;Moncloa-Aravaca;Serie;100.433;Índice;
2022;T3;Moncloa-Aravaca;Tasa de variación sobre el periodo anterior;1.2;Porcentaje;
2022;T3;Moratalaz;Serie;101.958;Índice;
2022;T3;Moratalaz;Tasa de variación sobre el periodo anterior;1.5;Porcentaje;
2022;T3;Puente de Vallecas;Serie;102.351;Índice;
2022;T3;Puente de Vallecas;Tasa de variación sobre el periodo anterior;2.5;Porcentaje;
2022;T3;Retiro;Serie;99.674;Índice;
2022;T3;Retiro;Tasa de variación sobre el periodo anterior;0.6;Porcentaje;
2022;T3;Salamanca;Serie;104.311;Índice;
2022;T3;Salamanca;Tasa de variación sobre el periodo anterior;7.7;Porcentaje;
2022;T3;San Blas-Canillejas;Serie;103.0;Índice;
2022;T3;San Blas-Canillejas;Tasa de variación sobre el periodo anterior;3.5;Porcentaje;
2022;T3;Tetuán;Serie;103.521;Índice;
2022;T3;Tetuán;Tasa de variación sobre el periodo anterior;5.8;Porcentaje;
2022;T3;Usera;Serie;102.044;Índice;
2022;T3;Usera;Tasa de variación sobre el periodo anterior;3.1;Porcentaje;
2022;T3;Vicálvaro;Serie;100.837;Índice;
2022;T3;Vicálvaro;Tasa de variación sobre el periodo anterior;3.3;Porcentaje;
2022;T3;Villa de Vallecas;Serie;102.034;Índice;
2022;T3;Villa de Vallecas;Tasa de variación sobre el periodo anterior;3.8;Porcentaje;
2022;T3;Villaverde;Serie;101.171;Índice;
2022;T3;Villaverde;Tasa de variación sobre el periodo anterior;3.3;Porcentaje;
2022;T2;Arganzuela;Serie;100.379;Índice;
2022;T2;Arganzuela;Tasa de variación sobre el periodo anterior;3.5;Porcentaje;
2022;T2;Barajas;Serie;100.026;Índice;
2022;T2;Barajas;Tasa de variación sobre el periodo anterior;1.0;Porcentaje;
2022;T2;Carabanchel;Serie;99.711;Índice;
2022;T2;Carabanchel;Tasa de variación sobre el periodo anterior;2.2;Porcentaje;
2022;T2;Centro;Serie;98.478;Índice;
2022;T2;Centro;Tasa de variación sobre el periodo anterior;0.6;Porcentaje;
2022;T2;Chamartín;Serie;100.199;Índice;
2022;T2;Chamartín;Tasa de variación sobre el periodo anterior;1.5;Porcentaje;
2022;T2;Chamberí;Serie;97.967;Índice;
2022;T2;Ciudad Lineal;Serie;100.291;Índice;
2022;T2;Ciudad Lineal;Tasa de variación sobre el periodo anterior;3.3;Porcentaje;
2022;T2;Fuencarral-El Pardo;Serie;99.2;Índice;
2022;T2;Fuencarral-El Pardo;Tasa de variación sobre el periodo anterior;-0.4;Porcentaje;
2022;T2;Hortaleza;Serie;99.452;Índice;
2022;T2;Hortaleza;Tasa de variación sobre el periodo anterior;-0.5;Porcentaje;
2022;T2;Latina;Serie;99.17;Índice;
2022;T2;Latina;Tasa de variación sobre el periodo anterior;2.4;Porcentaje;
2022;T2;Moncloa-Aravaca;Serie;99.278;Índice;
2022;T2;Moncloa-Aravaca;Tasa de variación sobre el periodo anterior;1.2;Porcentaje;
2022;T2;Moratalaz;Serie;100.494;Índice;
2022;T2;Moratalaz;Tasa de variación sobre el periodo anterior;2.0;Porcentaje;
2022;T2;Puente de Vallecas;Serie;99.818;Índice;
2022;T2;Puente de Vallecas;Tasa de variación sobre el periodo anterior;3.6;Porcentaje;
2022;T2;Retiro;Serie;99.074;Índice;
2022;T2;Retiro;Tasa de variación sobre el periodo anterior;3.1;Porcentaje;
2022;T2;Salamanca;Serie;96.865;Índice;
2022;T2;Salamanca;Tasa de variación sobre el periodo anterior;2.8;Porcentaje;
2022;T2;San Blas-Canillejas;Serie;99.541;Índice;
2022;T2;San Blas-Canillejas;Tasa de variación sobre el periodo anterior;2.5;Porcentaje;
2022;T2;Tetuán;Serie;97.865;Índice;
2022;T2;Tetuán;Tasa de variación sobre el periodo anterior;-0.3;Porcentaje;
2022;T2;Usera;Serie;99.021;Índice;
2022;T2;Usera;Tasa de variación sobre el periodo anterior;3.4;Porcentaje;
2022;T2;Vicálvaro;Serie;97.642;Índice;
2022;T2;Vicálvaro;Tasa de variación sobre el periodo anterior;0.8;Porcentaje;
2022;T2;Villa de Vallecas;Serie;98.259;Índice;
2022;T2;Villa de Vallecas;Tasa de variación sobre el periodo anterior;-0.2;Porcentaje;
2022;T2;Villaverde;Serie;97.946;Índice;
2022;T2;Villaverde;Tasa de variación sobre el periodo anterior;0.3;Porcentaje;
2022;T1;Arganzuela;Serie;96.99;Índice;
2022;T1;Barajas;Serie;99.016;Índice;
2022;T1;Carabanchel;Serie;97.57;Índice;
2022;T1;Centro;Serie;97.85;Índice;
2022;T1;Chamartín;Serie;98.766;Índice;
2022;T1;Chamberí;Serie;97.181;Índice;
2022;T1;Ciudad Lineal;Serie;97.113;Índice;
2022;T1;Fuencarral-El Pardo;Serie;99.594;Índice;
2022;T1;Hortaleza;Serie;99.908;Índice;
2022;T1;Latina;Serie;96.812;Índice;
2022;T1;Moncloa-Aravaca;Serie;98.076;Índice;
2022;T1;Moratalaz;Serie;98.558;Índice;
2022;T1;Puente de Vallecas;Serie;96.389;Índice;
2022;T1;Retiro;Serie;96.13;Índice;
2022;T1;Salamanca;Serie;94.206;Índice;
2022;T1;San Blas-Canillejas;Serie;97.084;Índice;
2022;T1;Tetuán;Serie;98.176;Índice;
2022;T1;Usera;Serie;95.796;Índice;
2022;T1;Vicálvaro;Serie;96.881;Índice;
2022;T1;Villa de Vallecas;Serie;98.438;Índice;
2022;T1;Villaverde;Serie;97.668;Índice;
